<?xml version="1.0" encoding="UTF-8" standalone="yes"?>
<Properties xmlns="http://schemas.openxmlformats.org/officeDocument/2006/extended-properties" xmlns:vt="http://schemas.openxmlformats.org/officeDocument/2006/docPropsVTypes"><Application>Microsoft Excel</Application><DocSecurity>0</DocSecurity><ScaleCrop>false</ScaleCrop><HeadingPairs><vt:vector size="4" baseType="variant"><vt:variant><vt:lpstr>Worksheets</vt:lpstr></vt:variant><vt:variant><vt:i4>1</vt:i4></vt:variant><vt:variant><vt:lpstr>Named Ranges</vt:lpstr></vt:variant><vt:variant><vt:i4>2</vt:i4></vt:variant></vt:vector></HeadingPairs><TitlesOfParts><vt:vector size="3" baseType="lpstr"><vt:lpstr>Interests</vt:lpstr><vt:lpstr>Interests!Print_Area</vt:lpstr><vt:lpstr>Interests!Print_Titles</vt:lpstr></vt:vector></TitlesOfParts><Company></Company><LinksUpToDate>false</LinksUpToDate><SharedDoc>false</SharedDoc><HyperlinksChanged>false</HyperlinksChanged><AppVersion>12.0000</AppVersion></Properties>