{
  "R": [
    "Electro-Mechanical and Mechatronics Technologists and Technicians",
    "Automotive Engineering Technicians",
    "Photonics Technicians",
    "Landscaping and Groundskeeping Workers",
    "Tree Trimmers and Pruners",
    "Agricultural Equipment Operators",
    "Farmworkers and Laborers, Crop, Nursery, and Greenhouse",
    "Fishing and Hunting Workers",
    "Fallers",
    "Boilermakers"
  ],
  "I": [
    "Computer and Information Research Scientists",
    "Mathematicians",
    "Biostatisticians",
    "Bioengineers and Biomedical Engineers",
    "Biochemists and Biophysicists",
    "Microbiologists",
    "Zoologists and Wildlife Biologists",
    "Bioinformatics Scientists",
    "Geneticists",
    "Epidemiologists"
  ],
  "A": [
    "Art Directors",
    "Fine Artists, Including Painters, Sculptors, and Illustrators",
    "Special Effects Artists and Animators",
    "Fashion Designers",
    "Graphic Designers",
    "Set and Exhibit Designers",
    "Actors",
    "Choreographers",
    "Music Directors and Composers",
    "Poets, Lyricists and Creative Writers"
  ],
  "S": [
    "Educational, Guidance, and Career Counselors and Advisors",
    "Area, Ethnic, and Cultural Studies Teachers, Postsecondary",
    "Psychology Teachers, Postsecondary",
    "Nursing Instructors and Teachers, Postsecondary",
    "Education Teachers, Postsecondary",
    "Social Work Teachers, Postsecondary",
    "Communications Teachers, Postsecondary",
    "English Language and Literature Teachers, Postsecondary",
    "Foreign Language and Literature Teachers, Postsecondary",
    "Philosophy and Religion Teachers, Postsecondary"
  ],
  "E": [
    "Advertising and Promotions Managers",
    "Marketing Managers",
    "Sales Managers",
    "Public Relations Managers",
    "Fundraising Managers",
    "Financial Managers",
    "Purchasing Managers",
    "Compensation and Benefits Managers",
    "Human Resources Managers",
    "Social and Community Service Managers"
  ],
  "C": [
    "Accountants and Auditors",
    "Pharmacy Technicians",
    "Bill and Account Collectors",
    "Billing and Posting Clerks",
    "Bookkeeping, Accounting, and Auditing Clerks",
    "Payroll and Timekeeping Clerks",
    "Procurement Clerks",
    "Credit Authorizers, Checkers, and Clerks",
    "File Clerks",
    "New Accounts Clerks"
  ]
}